<?xml version="1.0" encoding="UTF-8"?>
<root>
  <item name="com.ca.mas.foundation.MAS int getState(android.content.Context)">
    <annotation name="android.support.annotation.IntDef">
      <val name="value" val="{com.ca.mas.foundation.MASConstants.MAS_STATE_NOT_CONFIGURED, com.ca.mas.foundation.MASConstants.MAS_STATE_NOT_INITIALIZED, com.ca.mas.foundation.MASConstants.MAS_STATE_STOPPED, com.ca.mas.foundation.MASConstants.MAS_STATE_STARTED}" />
    </annotation>
  </item>
  <item name="com.ca.mas.foundation.MAS void setGrantFlow(int) 0">
    <annotation name="android.support.annotation.IntDef">
      <val name="value" val="{com.ca.mas.foundation.MASConstants.MAS_GRANT_FLOW_CLIENT_CREDENTIALS, com.ca.mas.foundation.MASConstants.MAS_GRANT_FLOW_PASSWORD}" />
    </annotation>
  </item>
  <item name="com.ca.mas.foundation.MASGrantFlow">
    <annotation name="android.support.annotation.IntDef">
      <val name="value" val="{com.ca.mas.foundation.MASConstants.MAS_GRANT_FLOW_CLIENT_CREDENTIALS, com.ca.mas.foundation.MASConstants.MAS_GRANT_FLOW_PASSWORD}" />
    </annotation>
  </item>
  <item name="com.ca.mas.foundation.MASState">
    <annotation name="android.support.annotation.IntDef">
      <val name="value" val="{com.ca.mas.foundation.MASConstants.MAS_STATE_NOT_CONFIGURED, com.ca.mas.foundation.MASConstants.MAS_STATE_NOT_INITIALIZED, com.ca.mas.foundation.MASConstants.MAS_STATE_STOPPED, com.ca.mas.foundation.MASConstants.MAS_STATE_STARTED}" />
    </annotation>
  </item>
</root>

